,Player,Team,GP,MIN,PTS,FGM,FGA,FG_PCT,3PM,3PA,3P_PCT,FTM,FTA,FT_PCT,OREB,DREB,REB,AST,STL,BLK,TOV,EFF
0,Shai Gilgeous-Alexander,OKC,20,35.8,31.1,10.8,21.3,50.6,1.1,3.1,33.9,8.5,9.3,91.9,1.1,3.9,4.9,6.1,1.7,1.2,3.2,30.5
1,Kevin Durant,BKN,23,36.7,30.4,10.7,19.3,55.3,1.7,4.7,35.5,7.3,8.0,92.3,0.4,6.1,6.5,5.3,0.7,1.7,3.3,32.1
2,Devin Booker,PHX,21,36.5,29.0,10.4,21.2,48.9,2.4,6.4,37.8,5.8,6.6,87.8,1.0,4.3,5.3,5.8,1.1,0.5,2.6,27.4
3,Donovan Mitchell,CLE,20,36.4,28.4,9.8,20.0,49.0,3.8,9.0,42.2,5.0,5.7,88.5,0.8,3.2,4.0,5.1,1.5,0.4,3.0,25.4
4,Ja Morant,MEM,18,33.0,28.2,9.8,20.9,46.8,1.8,4.7,37.6,6.9,9.3,74.3,1.3,4.9,6.3,7.6,1.1,0.3,3.9,26.0
5,Trae Young,ATL,21,35.5,27.8,9.0,21.8,41.1,2.2,7.4,30.3,7.7,8.5,89.9,0.8,2.1,2.9,9.6,0.8,0.1,3.4,24.1
6,DeMar DeRozan,CHI,21,34.7,26.3,9.4,18.1,52.0,0.5,1.5,31.3,7.0,7.9,88.0,0.4,3.9,4.3,4.6,1.0,0.4,2.0,24.9
7,Anthony Davis,LAL,18,34.2,26.3,9.8,17.3,56.9,0.3,1.2,23.8,6.3,7.7,82.0,3.5,9.2,12.7,2.6,1.5,2.3,2.1,34.5
8,Jaylen Brown,BOS,20,35.1,26.1,9.9,19.4,50.9,2.2,6.6,33.6,4.2,5.1,83.2,1.0,5.6,6.6,3.5,1.0,0.3,3.3,23.8
9,LeBron James,LAL,14,35.3,25.8,9.9,21.2,46.8,2.4,7.5,32.4,3.5,4.9,72.1,1.5,7.1,8.6,6.3,1.1,0.7,3.6,26.4
10,De'Aaron Fox,SAC,19,31.8,24.0,8.9,17.0,52.6,1.9,5.0,38.9,4.2,5.1,82.3,0.5,4.4,4.9,6.0,1.1,0.5,2.6,25.0
11,Anfernee Simons,POR,20,37.0,23.8,8.2,19.2,42.8,4.1,10.7,38.0,3.4,3.8,88.2,0.4,2.8,3.1,4.5,1.0,0.2,2.0,19.2
12,Bradley Beal,WAS,16,36.8,23.6,8.9,17.1,52.2,1.8,5.0,36.3,3.9,4.4,87.3,0.9,2.9,3.8,5.6,1.3,0.7,3.0,23.1
13,Zion Williamson,NOP,16,31.7,23.1,9.1,15.3,59.2,0.2,0.6,33.3,4.8,6.8,71.3,2.1,4.6,6.6,4.1,1.3,0.6,2.6,24.8
14,Anthony Edwards,MIN,22,36.5,22.9,8.3,17.9,46.2,2.6,7.5,34.5,3.7,4.9,76.6,0.6,5.1,5.7,3.8,1.5,0.4,3.1,20.4
15,Darius Garland,CLE,16,35.6,22.8,7.8,17.3,44.8,2.9,6.9,41.8,4.4,5.2,85.5,0.3,1.9,2.3,8.1,1.3,0.3,3.4,21.0
16,Nikola Jokic,DEN,18,31.7,22.7,8.4,13.3,62.9,0.7,2.1,32.4,5.2,6.2,84.7,1.9,7.9,9.8,8.9,1.3,0.6,3.3,34.1
17,Jerami Grant,POR,21,36.4,22.2,7.3,15.4,47.4,2.9,6.0,47.6,4.8,6.3,76.5,0.8,3.5,4.3,2.7,0.9,1.0,2.0,19.5
18,Lauri Markkanen,UTA,24,33.9,22.2,8.1,15.3,53.1,2.5,6.3,39.5,3.5,4.2,82.2,2.3,6.2,8.5,2.2,0.5,0.7,2.1,24.0
19,Kristaps Porzingis,WAS,21,32.2,21.6,7.3,15.3,47.5,2.2,5.9,38.2,4.8,6.0,79.5,2.2,6.5,8.7,2.5,0.8,1.6,1.8,24.0
20,Jalen Green,HOU,21,34.2,21.3,7.3,17.2,42.4,2.6,7.6,34.4,4.1,5.2,79.1,0.6,3.6,4.1,4.0,0.7,0.2,3.1,16.2
21,Jalen Brunson,NYK,22,32.5,21.3,7.7,15.8,48.6,1.4,4.2,32.3,4.6,5.2,87.8,0.5,3.0,3.5,6.5,1.1,0.2,1.6,22.2
22,Julius Randle,NYK,22,33.2,21.1,7.3,15.7,46.2,2.1,6.5,33.1,4.5,5.8,76.6,2.2,6.4,8.6,3.5,0.8,0.2,2.8,21.5
23,Zach LaVine,CHI,17,34.1,20.9,7.2,17.8,40.7,2.8,8.1,34.8,3.6,4.4,82.7,0.7,3.5,4.2,4.4,1.1,0.1,2.1,17.3
24,Dejounte Murray,ATL,22,36.9,20.9,8.3,18.7,44.3,2.1,6.0,34.6,2.2,2.5,87.5,0.7,5.1,5.8,6.6,1.9,0.4,2.7,22.0
25,Brandon Ingram,NOP,15,32.1,20.8,7.3,15.4,47.2,1.9,4.0,46.7,4.4,5.1,86.8,0.5,4.6,5.1,4.7,0.9,0.7,2.8,20.5
26,Karl-Anthony Towns,MIN,21,33.8,20.8,7.3,14.4,50.5,1.8,5.6,32.5,4.4,5.0,88.5,1.7,6.5,8.2,5.3,0.8,0.7,3.1,24.9
27,Bojan Bogdanovic,DET,23,32.0,20.7,7.0,13.8,50.8,2.4,5.7,41.7,4.3,5.0,86.8,0.5,3.3,3.8,2.5,0.5,0.0,2.3,17.8
28,Bam Adebayo,MIA,20,34.8,20.7,8.1,15.2,53.0,0.1,0.5,11.1,4.5,5.2,86.5,2.5,6.8,9.3,3.3,1.1,0.8,3.2,24.0
29,Devin Vassell,SAS,17,32.5,20.6,7.5,16.2,46.4,3.1,7.2,42.3,2.5,3.2,79.6,0.2,4.0,4.2,3.6,0.8,0.4,1.5,18.8
30,Kyle Kuzma,WAS,21,34.7,20.6,7.8,17.0,45.9,2.3,7.4,31.0,2.7,3.7,73.1,1.0,6.9,7.9,3.6,0.3,0.4,2.4,20.2
31,Keldon Johnson,SAS,20,32.1,20.3,7.0,17.7,39.3,3.1,8.6,36.0,3.3,4.5,74.2,1.0,4.1,5.1,3.2,1.0,0.1,2.4,15.3
32,Kelly Oubre Jr.,CHA,21,31.4,19.7,7.5,17.1,43.6,2.3,7.4,31.0,2.4,3.4,71.8,1.5,3.8,5.2,1.2,1.7,0.3,1.2,16.3
33,Franz Wagner,ORL,22,33.3,19.6,7.3,14.7,49.8,1.3,4.0,31.8,3.7,4.3,86.3,0.9,3.3,4.2,4.0,0.8,0.3,2.8,18.2
34,Jordan Clarkson,UTA,24,32.4,19.5,7.0,16.3,43.3,2.8,7.8,36.2,2.6,3.2,82.9,1.2,2.8,4.0,4.9,0.3,0.4,2.6,16.8
35,Tyrese Haliburton,IND,21,33.4,19.3,7.1,15.2,46.9,2.6,7.0,37.2,2.4,2.9,85.0,0.8,3.8,4.6,11.2,1.8,0.3,2.6,26.1
36,Bennedict Mathurin,IND,21,28.0,19.2,6.0,13.7,43.4,2.3,5.7,40.3,5.0,6.1,81.4,1.3,2.6,4.0,1.5,0.6,0.1,2.0,14.4
37,Kevin Porter Jr.,HOU,20,34.5,19.0,6.6,15.7,41.7,2.1,5.8,36.2,3.8,5.1,73.5,1.6,4.3,5.9,6.0,1.3,0.5,3.8,18.3
38,RJ Barrett,NYK,22,34.1,18.8,6.5,16.1,40.6,1.5,5.5,28.1,4.1,5.3,77.8,1.0,4.3,5.2,3.0,0.5,0.1,2.2,14.6
39,CJ McCollum,NOP,17,35.1,18.7,7.4,17.9,41.0,2.4,7.1,34.2,1.6,2.0,79.4,1.1,4.0,5.1,6.1,1.2,0.6,2.1,18.6
40,O.G. Anunoby,TOR,21,36.3,18.7,7.0,15.0,47.1,1.7,4.8,35.0,2.9,3.4,84.7,1.4,4.6,6.0,2.2,2.3,1.0,2.7,19.0
41,Andrew Wiggins,GSW,20,32.9,18.6,7.2,14.5,49.7,2.9,6.7,42.9,1.4,2.0,69.2,1.6,3.8,5.3,2.3,1.4,0.8,1.4,19.1
42,Jamal Murray,DEN,17,29.5,17.8,6.9,15.5,44.5,1.9,5.1,37.9,2.1,2.7,78.3,0.6,3.2,3.8,4.8,1.0,0.2,1.9,16.5
43,Jrue Holiday,MIL,16,31.9,17.8,6.8,15.5,44.0,1.9,5.9,32.6,2.2,2.5,87.5,1.3,3.6,4.9,7.3,1.6,0.6,3.2,19.9
44,Fred VanVleet,TOR,15,36.1,17.5,5.6,15.1,37.0,3.0,8.4,35.7,3.3,3.9,86.2,0.5,3.1,3.6,6.6,1.7,0.5,1.7,18.1
45,Dillon Brooks,MEM,18,30.8,17.3,6.5,16.2,40.1,2.1,6.3,33.3,2.2,3.0,72.2,0.9,2.8,3.7,2.8,0.9,0.1,1.6,12.6
46,Gary Trent Jr.,TOR,18,31.4,17.2,5.9,14.2,41.6,2.3,6.9,33.1,3.1,4.1,76.7,0.7,1.5,2.2,1.6,1.7,0.2,1.2,12.3
47,Buddy Hield,IND,21,31.2,17.1,6.0,14.2,42.1,3.5,9.6,36.8,1.6,1.9,87.2,1.0,3.6,4.6,2.6,1.0,0.4,2.1,15.2
48,Myles Turner,IND,16,29.1,17.1,5.9,11.1,52.8,1.4,3.8,37.7,3.9,4.9,80.8,1.5,6.8,8.3,1.5,0.6,2.6,1.6,22.3
49,Deandre Ayton,PHX,19,29.3,17.0,7.4,12.1,60.9,0.2,0.6,25.0,2.1,2.8,74.1,3.1,6.8,9.8,2.2,0.5,0.8,1.8,23.1
50,Klay Thompson,GSW,18,29.7,17.0,6.1,15.1,40.1,3.7,9.5,39.2,1.2,1.4,80.8,0.4,3.2,3.6,2.2,0.7,0.3,1.7,12.7
51,Christian Wood,DAL,19,26.0,16.8,6.3,11.3,55.6,1.4,3.4,40.6,2.9,4.3,67.1,1.2,6.5,7.7,1.2,0.4,0.5,2.3,17.8
52,Domantas Sabonis,SAC,20,32.2,16.7,6.1,10.4,58.5,0.4,1.2,29.2,4.2,5.7,74.3,2.2,8.8,11.0,6.4,0.8,0.5,2.6,27.0
53,Lonnie Walker IV,LAL,17,31.5,16.6,6.2,13.1,47.7,1.9,5.4,36.3,2.2,2.6,84.4,0.4,1.9,2.4,1.9,0.9,0.4,1.2,13.8
54,Michael Porter Jr.,DEN,16,29.1,16.4,6.0,12.9,46.6,2.9,6.9,42.7,1.5,1.9,80.0,1.2,4.8,6.0,1.3,0.6,0.4,1.1,16.3
55,Spencer Dinwiddie,DAL,21,31.8,16.2,6.0,12.6,47.2,2.6,6.5,39.7,1.8,2.2,80.4,0.2,2.6,2.8,4.9,1.0,0.2,1.7,16.4
56,Jaden Ivey,DET,20,32.0,16.2,5.8,13.7,42.0,1.5,4.8,31.6,3.2,4.4,72.7,1.2,3.6,4.8,4.4,1.1,0.3,2.7,15.0
57,Tobias Harris,PHI,20,33.4,16.2,6.4,13.5,47.0,1.9,5.2,35.6,1.7,2.0,82.5,0.9,5.3,6.2,2.9,1.3,0.5,1.3,18.2
58,Aaron Gordon,DEN,18,28.7,16.1,6.1,10.1,60.4,1.1,2.8,39.2,2.7,4.4,61.3,2.5,4.2,6.7,2.4,0.6,0.9,1.3,19.6
59,Jordan Poole,GSW,22,27.5,15.9,5.5,13.1,41.5,2.1,6.9,30.5,2.9,3.5,84.2,0.3,1.7,2.0,4.6,0.9,0.3,3.0,12.5
60,P.J. Washington,CHA,21,31.9,15.9,5.9,13.4,44.1,1.9,5.5,33.9,2.2,2.8,79.7,1.1,3.5,4.7,1.9,0.6,0.9,1.9,14.1
61,Kevin Huerter,SAC,20,32.0,15.9,5.6,11.4,48.9,3.2,7.1,45.1,1.6,2.4,68.1,0.4,3.1,3.5,3.2,1.1,0.5,1.6,16.0
62,Max Strus,MIA,20,34.2,15.7,5.6,13.0,43.2,3.2,8.7,36.4,1.4,1.5,90.0,0.6,3.1,3.6,1.8,0.8,0.3,1.3,13.5
63,Mikal Bridges,PHX,21,37.3,15.7,6.1,11.8,51.8,1.5,3.5,41.9,2.0,2.3,87.5,1.1,4.1,5.3,3.5,1.2,1.1,1.1,19.7
64,Nikola Vucevic,CHI,21,31.8,15.6,6.0,12.7,47.7,1.5,4.4,34.4,2.0,2.3,85.7,2.4,8.8,11.2,3.0,0.4,0.8,2.1,21.9
65,Alperen Sengun,HOU,18,26.8,15.5,5.8,10.6,55.0,0.2,1.2,19.0,3.6,4.5,80.2,3.4,5.7,9.1,2.3,0.7,1.0,2.3,20.7
66,Brook Lopez,MIL,20,31.1,15.5,5.8,11.5,50.2,2.4,5.9,40.2,1.6,2.0,80.0,1.6,4.2,5.8,1.1,0.7,2.9,1.3,18.5
67,Evan Mobley,CLE,22,33.8,15.0,6.2,11.1,55.5,0.2,0.9,20.0,2.5,3.6,68.4,2.7,6.3,9.0,2.3,0.9,1.4,2.2,20.3
68,Russell Westbrook,LAL,19,27.9,15.0,5.4,13.6,39.9,1.4,4.3,31.7,2.8,3.9,70.7,1.0,4.2,5.2,7.2,1.1,0.4,3.6,15.9
69,De'Andre Hunter,ATL,21,30.9,14.9,5.4,12.0,44.7,1.3,3.8,35.4,2.8,3.5,80.8,0.7,3.3,4.0,1.1,0.3,0.1,1.3,11.8
70,Norman Powell,LAC,22,25.3,14.8,5.1,11.2,45.9,1.6,4.3,37.9,2.9,3.7,78.0,0.4,2.5,2.9,1.5,0.8,0.3,1.8,11.7
71,Kyle Lowry,MIA,22,36.4,14.6,4.3,11.0,39.1,2.4,6.7,35.1,3.6,4.2,85.9,0.8,4.0,4.8,6.1,1.1,0.6,2.5,17.4
72,Malik Monk,SAC,20,22.5,14.6,5.3,10.8,48.8,2.0,5.6,36.0,2.1,2.3,89.1,0.4,1.8,2.2,4.4,0.7,0.2,1.9,14.4
73,D'Angelo Russell,MIN,22,31.3,14.4,5.3,12.5,42.5,1.9,6.0,31.8,1.9,2.5,75.9,0.6,2.7,3.4,6.7,1.3,0.6,2.7,16.0
74,Malcolm Brogdon,BOS,18,22.9,14.4,5.0,10.0,50.0,1.9,3.9,49.3,2.4,2.8,86.3,1.0,3.1,4.1,3.7,0.5,0.2,2.0,15.4
75,Josh Giddey,OKC,19,30.5,14.4,6.3,13.9,45.3,0.7,2.9,25.5,1.0,1.5,67.9,1.7,5.7,7.5,5.5,0.5,0.4,3.3,16.8
76,Jusuf Nurkic,POR,19,29.3,14.2,5.4,10.6,50.7,0.7,1.6,41.9,2.8,3.7,74.6,2.8,7.2,10.0,2.7,0.7,0.8,2.6,19.7
77,Luguentz Dort,OKC,22,30.5,14.1,5.0,12.1,41.0,1.7,5.4,31.4,2.5,3.3,77.8,1.5,2.9,4.4,2.3,1.2,0.4,1.2,13.4
78,Saddiq Bey,DET,20,30.0,14.1,4.5,11.2,40.2,1.5,5.3,27.4,3.7,4.1,90.1,1.1,3.5,4.6,1.5,0.8,0.2,1.3,12.8
79,Marcus Morris Sr.,LAC,21,30.2,14.0,5.5,12.0,45.8,2.0,5.3,37.5,1.1,1.5,74.2,0.4,4.5,5.0,2.0,0.8,0.4,1.0,14.4
80,Collin Sexton,UTA,24,24.0,13.9,4.9,9.9,49.2,0.9,2.6,35.5,3.2,3.9,81.9,0.9,1.7,2.5,3.0,0.6,0.1,1.8,12.6
81,Scottie Barnes,TOR,18,32.4,13.8,5.7,13.2,42.9,1.3,3.9,33.8,1.2,1.6,72.4,1.8,4.5,6.3,5.2,0.9,0.9,2.3,16.9
82,Malik Beasley,UTA,24,26.4,13.6,4.8,11.5,41.9,3.2,8.0,39.4,0.8,0.8,90.0,0.7,3.3,3.9,1.6,1.0,0.2,0.9,12.6
83,Rudy Gobert,MIN,20,31.6,13.6,5.0,7.8,64.5,0.0,0.1,0.0,3.6,4.9,73.2,3.8,8.1,11.8,0.9,0.7,1.4,1.6,22.6
84,Jarrett Allen,CLE,17,32.0,13.5,5.5,9.4,58.8,0.0,0.1,0.0,2.4,3.1,78.8,2.9,7.8,10.8,1.3,0.5,1.2,1.7,21.1
85,Bobby Portis,MIL,20,27.0,13.3,5.5,11.6,47.4,1.3,3.8,32.9,1.1,1.4,77.8,2.5,8.1,10.6,2.2,0.4,0.4,1.1,19.3
86,Harrison Barnes,SAC,20,30.5,13.2,4.0,8.4,47.6,0.9,3.2,28.1,4.3,5.0,86.9,1.1,4.4,5.5,2.0,0.9,0.2,1.2,15.4
87,Bol Bol,ORL,22,27.1,13.1,5.4,9.0,60.1,0.8,2.0,40.9,1.5,2.0,76.7,1.5,6.3,7.8,1.0,0.4,1.9,2.0,18.1
88,Kelly Olynyk,UTA,24,28.5,13.1,4.6,8.2,55.8,1.6,3.4,47.6,2.3,2.9,79.7,1.4,3.5,4.9,3.2,1.3,0.8,2.2,16.8
89,Cameron Payne,PHX,19,25.5,13.1,4.9,11.7,41.7,1.8,4.6,39.8,1.4,1.8,77.1,0.4,2.2,2.6,5.2,0.9,0.3,2.2,12.6
90,Trey Murphy III,NOP,19,28.1,13.1,4.4,9.1,48.8,2.4,5.7,41.3,1.8,1.9,94.6,1.3,3.2,4.5,1.2,1.1,0.5,0.8,14.7
91,Jonas Valanciunas,NOP,21,23.4,13.0,4.9,9.1,53.9,0.7,1.5,43.8,2.6,3.1,81.8,2.8,6.5,9.2,2.0,0.3,0.3,2.0,18.1
92,John Wall,LAC,18,22.4,12.9,4.6,10.4,44.1,0.9,3.4,25.8,2.8,4.2,65.8,0.3,2.3,2.6,5.6,0.9,0.2,2.3,12.6
93,Jakob Poeltl,SAS,20,27.3,12.9,5.7,8.9,64.0,0.0,0.0,0.0,1.5,2.8,51.8,3.9,6.0,9.9,3.5,0.9,1.0,2.4,21.1
94,Reggie Jackson,LAC,23,29.4,12.5,4.7,10.8,44.0,1.5,4.4,34.7,1.5,1.7,92.1,0.3,2.3,2.7,4.6,0.7,0.1,2.2,12.3
95,Eric Gordon,HOU,18,29.6,12.3,4.2,9.5,44.4,1.9,5.2,36.2,2.0,2.3,87.8,0.3,1.7,2.0,2.6,0.7,0.4,1.9,10.4
96,Tre Jones,SAS,21,30.1,12.3,4.6,11.0,41.7,0.8,2.5,32.1,2.4,2.6,90.9,0.7,2.7,3.4,7.0,1.5,0.1,2.1,15.6
97,John Collins,ATL,22,31.5,12.3,4.7,9.7,48.4,0.7,3.3,21.9,2.2,2.6,84.5,1.2,6.3,7.5,1.3,0.9,1.4,1.4,16.6
98,Isaiah Stewart,DET,17,27.5,12.2,3.9,8.5,46.2,1.4,3.9,35.8,2.9,3.9,74.6,2.8,6.5,9.2,1.4,0.5,0.7,1.1,17.3
99,Chris Boucher,TOR,17,23.8,12.1,4.2,9.0,46.4,0.9,3.1,28.3,2.8,3.9,71.6,2.4,3.9,6.4,0.5,0.9,0.8,0.8,13.9
100,Caris LeVert,CLE,18,32.1,11.9,4.1,10.7,37.8,1.6,4.2,38.7,2.2,2.8,78.4,1.1,3.6,4.7,4.7,0.7,0.1,1.8,13.0
101,Nic Claxton,BKN,22,27.4,11.7,5.3,7.3,72.5,0.0,0.0,0.0,1.2,2.6,45.6,2.5,6.0,8.5,1.3,0.7,2.1,1.4,19.6
102,Jabari Smith Jr.,HOU,20,30.1,11.7,3.9,10.9,35.3,2.2,6.3,34.4,1.8,2.1,85.7,1.4,5.7,7.0,0.9,0.4,1.0,1.1,12.4
103,Tim Hardaway Jr.,DAL,20,25.0,11.6,3.7,11.0,33.8,2.3,7.2,31.9,1.9,2.2,86.4,0.3,2.1,2.3,2.0,0.8,0.2,0.9,8.4
104,Rui Hachimura,WAS,16,23.5,11.6,4.8,9.9,48.1,0.8,2.3,33.3,1.3,1.8,72.4,0.8,4.1,4.8,1.1,0.3,0.5,1.4,11.3
105,Marcus Smart,BOS,20,32.4,11.5,4.1,9.2,44.0,1.8,5.0,36.0,1.6,1.9,86.5,0.4,2.8,3.2,7.6,1.1,0.3,2.2,16.1
106,Shake Milton,PHI,18,23.3,11.5,4.5,8.4,53.3,0.9,2.2,40.0,1.6,1.9,85.3,0.9,2.7,3.6,3.5,0.3,0.2,1.9,12.9
107,Clint Capela,ATL,20,27.7,11.5,5.2,8.5,61.5,0.0,0.0,0.0,1.1,1.9,56.8,4.3,7.9,12.1,0.8,0.7,1.5,0.9,21.5
108,Jalen Smith,IND,21,23.8,11.4,4.1,9.3,44.4,1.2,4.1,29.9,1.9,2.4,76.5,1.8,5.4,7.2,1.0,0.3,0.9,1.3,13.7
109,Jaden McDaniels,MIN,19,29.9,11.4,4.5,8.4,53.5,1.1,2.9,35.7,1.4,1.8,76.5,1.4,2.1,3.5,1.4,1.1,1.4,1.5,12.9
110,Bruce Brown,DEN,21,29.4,11.3,4.5,9.6,46.8,1.4,3.4,40.3,1.0,1.1,87.5,1.0,3.5,4.5,4.7,1.1,0.5,1.8,15.1
111,Kentavious Caldwell-Pope,DEN,20,31.3,11.3,4.0,8.4,47.0,2.3,4.6,49.5,1.2,1.5,76.7,0.5,2.6,3.1,2.3,1.2,0.5,1.3,12.3
112,Caleb Martin,MIA,21,32.4,11.3,4.4,9.1,48.4,1.4,3.4,40.8,1.0,1.3,78.6,1.9,3.3,5.2,2.1,1.3,0.4,1.2,14.1
113,Grayson Allen,MIL,18,27.1,11.2,3.4,7.4,45.5,2.1,4.7,44.0,2.4,2.6,91.5,0.9,2.4,3.3,2.7,0.9,0.3,1.3,12.9
114,Derrick White,BOS,22,26.3,11.1,3.8,7.8,49.1,1.9,4.2,45.2,1.5,1.8,87.2,0.5,2.5,3.0,3.3,0.9,0.7,0.9,13.9
115,Jaylen Nowell,MIN,22,17.9,11.0,4.3,10.0,43.0,1.3,4.2,31.5,1.1,1.4,77.4,0.6,2.1,2.8,2.0,0.6,0.1,1.0,9.5
116,Kenyon Martin Jr.,HOU,21,24.8,11.0,4.2,7.8,54.3,1.0,3.0,33.3,1.5,2.3,64.6,1.4,3.9,5.3,1.5,0.4,0.5,1.3,13.0
117,De'Anthony Melton,PHI,20,28.1,10.9,4.2,10.2,40.7,1.9,5.4,35.5,0.7,1.1,66.7,1.1,3.1,4.2,3.2,2.2,0.5,1.8,12.8
118,Al Horford,BOS,18,31.3,10.9,4.2,7.6,55.5,2.2,4.4,48.8,0.3,0.4,62.5,1.1,5.2,6.3,2.8,0.4,0.9,0.7,17.1
119,Austin Reaves,LAL,20,28.8,10.9,3.4,6.2,54.0,1.2,2.9,39.7,3.0,3.3,90.9,0.8,2.6,3.3,2.1,0.5,0.4,1.1,12.9
120,Jalen Williams,OKC,18,25.1,10.7,4.3,8.2,52.4,0.7,2.4,29.5,1.4,1.7,83.9,0.6,2.6,3.2,2.6,0.7,0.3,1.6,11.7
121,Ivica Zubac,LAC,23,30.7,10.7,4.3,6.9,61.6,0.0,0.0,0.0,2.1,3.1,68.1,3.4,8.1,11.5,1.3,0.4,1.8,2.3,19.7
122,Ayo Dosunmu,CHI,20,29.0,10.7,4.4,8.6,51.5,1.0,3.1,32.3,0.9,0.9,94.4,0.6,2.9,3.4,2.9,0.7,0.5,1.7,12.3
123,Keegan Murray,SAC,18,28.6,10.6,3.9,9.8,39.8,1.8,5.6,31.7,1.1,1.2,86.4,0.9,3.1,3.9,0.9,0.7,0.6,1.7,9.1
124,Herbert Jones,NOP,17,28.2,10.6,3.7,8.4,44.4,0.8,2.9,28.6,2.4,3.2,74.1,1.2,2.5,3.7,2.1,1.2,0.8,1.2,11.6
125,Kevin Love,CLE,16,20.7,10.6,3.2,7.6,41.8,2.3,5.6,40.4,1.9,2.3,86.1,0.8,6.4,7.2,2.5,0.1,0.2,1.1,14.8
126,Doug McDermott,SAS,20,20.7,10.3,3.9,8.3,47.3,2.0,4.8,40.6,0.5,0.8,62.5,0.3,1.6,1.9,1.5,0.1,0.2,1.0,8.2
127,Josh Richardson,SAS,17,22.8,10.2,3.5,8.6,40.4,1.7,4.7,36.3,1.6,1.9,84.4,0.4,1.8,2.2,3.0,0.7,0.1,1.7,9.2
128,Mike Conley,UTA,17,29.2,10.2,3.4,8.7,39.2,1.9,4.9,38.6,1.5,2.0,76.5,0.4,2.0,2.4,7.9,1.2,0.3,1.5,14.8
129,Tyus Jones,MEM,21,23.9,10.2,4.0,9.1,44.3,1.4,3.9,37.0,0.7,1.0,63.6,0.4,1.6,2.0,4.2,0.6,0.1,1.0,10.6
130,Royce O'Neale,BKN,23,35.8,9.8,3.4,8.7,39.2,2.3,5.6,41.4,0.7,0.9,76.2,0.9,4.3,5.2,4.7,1.2,0.7,1.7,14.4
131,Georges Niang,PHI,22,19.9,9.8,3.4,7.3,46.9,2.4,5.4,44.1,0.6,0.7,86.7,0.2,2.0,2.1,1.1,0.4,0.3,0.7,9.1
132,Jalen McDaniels,CHA,21,25.8,9.7,3.6,8.1,43.9,1.3,3.4,37.5,1.3,1.5,84.4,1.0,3.6,4.6,2.2,1.0,0.6,1.4,11.9
133,Gabe Vincent,MIA,17,25.4,9.7,3.5,8.6,40.4,1.5,4.9,31.0,1.2,1.5,84.0,0.2,1.8,2.1,3.1,0.8,0.1,1.4,9.1
134,Tre Mann,OKC,19,22.7,9.6,3.8,9.7,38.9,1.5,5.3,28.7,0.5,0.8,62.5,0.6,2.3,2.9,1.9,0.9,0.1,1.1,8.1
135,Aleksej Pokusevski,OKC,19,22.9,9.5,3.8,8.1,46.8,1.4,3.3,41.3,0.6,1.0,57.9,1.7,3.3,4.9,1.6,0.7,1.6,1.4,12.3
136,Josh Hart,POR,21,35.7,9.5,3.5,7.3,47.7,0.6,1.9,32.5,2.0,2.7,73.2,1.8,6.6,8.4,4.3,1.4,0.1,1.7,17.5
137,Nick Richards,CHA,21,19.7,9.4,3.6,5.9,61.0,0.0,0.0,0.0,2.3,3.1,73.8,3.0,3.6,6.7,0.7,0.1,0.9,1.0,13.7
138,Larry Nance Jr.,NOP,19,22.3,9.4,4.1,6.2,66.7,0.4,0.8,46.7,0.8,1.1,76.2,1.7,3.6,5.3,1.9,0.8,0.8,1.0,14.9
139,Immanuel Quickley,NYK,22,22.5,9.4,3.2,8.2,38.7,1.2,3.9,30.2,1.8,2.1,87.0,0.6,3.8,4.4,3.2,1.1,0.1,1.3,11.5
140,Dennis Smith Jr.,CHA,15,27.9,9.3,4.1,8.9,46.3,0.7,2.0,33.3,0.4,0.8,50.0,0.6,2.7,3.3,5.7,1.8,0.7,1.5,14.0
141,Santi Aldama,MEM,20,25.4,9.3,3.5,7.9,44.6,1.2,3.7,32.9,1.1,1.6,68.8,1.7,4.0,5.7,1.1,0.9,0.9,0.6,12.4
142,Patrick Williams,CHI,21,25.9,9.2,3.3,7.3,45.5,1.3,3.0,43.5,1.2,1.3,92.9,1.1,2.9,4.0,0.9,0.7,1.0,1.5,10.1
143,Cedi Osman,CLE,22,23.0,9.2,3.3,7.3,45.3,1.5,4.1,35.2,1.1,1.5,72.7,0.3,2.7,3.0,1.6,0.3,0.1,1.0,8.8
144,Jevon Carter,MIL,20,27.5,9.1,3.5,7.8,44.5,1.7,3.9,42.3,0.6,0.7,84.6,0.7,2.1,2.8,3.5,1.4,0.7,1.4,11.6
145,Terrence Ross,ORL,19,24.7,9.0,3.4,8.1,42.2,1.7,4.4,38.6,0.5,0.7,69.2,0.3,1.9,2.2,1.4,0.7,0.2,1.3,7.3
146,Dorian Finney-Smith,DAL,21,33.2,9.0,3.2,7.8,41.7,1.8,5.3,33.9,0.7,0.9,73.7,1.3,2.9,4.2,1.0,1.0,0.5,1.0,10.0
147,Draymond Green,GSW,20,30.7,9.0,3.7,6.2,60.2,0.4,1.3,32.0,1.2,1.7,69.7,0.6,5.5,6.1,7.1,1.0,0.7,2.4,18.4
148,Mason Plumlee,CHA,21,27.1,8.9,3.3,5.8,57.4,0.0,0.0,0.0,2.2,3.9,56.1,2.9,6.0,8.9,4.2,0.6,0.6,2.0,16.9
149,Cam Reddish,NYK,19,22.6,8.8,3.2,6.9,46.2,0.9,2.8,31.5,1.5,1.7,87.9,0.4,1.3,1.6,1.0,0.8,0.4,0.6,8.1
150,Brandon Clarke,MEM,21,18.9,8.8,3.6,6.0,59.1,0.0,0.3,16.7,1.6,2.2,73.9,1.1,3.3,4.4,1.3,0.3,1.0,1.1,11.6
151,AJ Griffin,ATL,18,17.8,8.8,3.4,7.3,47.0,1.5,3.9,38.0,0.4,0.4,100,0.8,1.2,1.9,0.7,0.9,0.1,0.7,7.9
152,Grant Williams,BOS,21,28.3,8.8,3.0,5.9,52.0,1.6,3.7,44.2,1.0,1.2,84.6,0.8,3.8,4.6,2.0,0.6,0.4,0.8,12.6
153,Monte Morris,WAS,19,27.1,8.7,3.4,7.8,43.9,1.1,3.0,36.8,0.8,1.1,71.4,0.4,3.3,3.7,5.1,0.8,0.2,0.8,13.0
154,Jeremiah Robinson-Earl,OKC,21,20.6,8.5,3.2,6.6,49.3,1.2,3.1,40.0,0.8,1.0,72.7,1.6,3.2,4.9,1.0,0.8,0.5,0.5,11.4
155,John Konchar,MEM,20,27.5,8.4,3.1,6.6,47.3,1.7,4.2,41.0,0.5,0.6,90.9,1.5,5.1,6.6,1.6,1.0,0.4,0.8,13.6
156,Jose Alvarado,NOP,21,20.8,8.4,3.2,7.1,45.6,1.3,3.6,35.5,0.6,0.8,81.3,0.4,2.0,2.4,3.3,1.1,0.2,1.5,10.0
157,Ben Simmons,BKN,17,28.1,8.4,3.6,5.9,61.4,0.0,0.1,0.0,1.1,1.9,54.5,1.0,5.6,6.6,5.8,1.2,0.7,2.3,17.3
158,Damion Lee,PHX,21,21.0,8.3,2.7,5.9,46.0,2.0,4.0,49.4,0.9,1.0,90.5,0.7,2.8,3.4,1.3,0.4,0.0,0.7,9.5
159,Jarred Vanderbilt,UTA,22,24.8,8.3,3.5,5.9,59.2,0.4,1.0,36.4,0.9,1.5,62.5,2.5,5.9,8.4,2.7,1.1,0.3,1.6,16.3
160,Shaedon Sharpe,POR,21,20.3,8.2,3.3,6.9,48.3,1.0,2.5,38.5,0.6,1.0,65.0,0.7,1.6,2.3,0.5,0.2,0.2,0.8,6.9
161,Mo Bamba,ORL,19,18.7,8.2,3.0,6.3,47.9,1.1,2.9,35.7,1.2,1.6,71.0,1.2,3.4,4.5,1.2,0.3,0.8,0.9,10.3
162,Obi Toppin,NYK,22,17.5,8.2,3.1,7.1,43.6,1.5,4.0,37.1,0.5,0.6,84.6,0.6,3.1,3.7,1.0,0.4,0.2,0.8,8.7
163,Justise Winslow,POR,19,28.8,8.2,3.3,8.1,41.2,0.6,1.8,32.4,0.9,1.4,69.2,1.6,3.8,5.4,3.7,1.0,0.4,1.5,11.9
164,Tari Eason,HOU,21,18.1,8.1,3.0,7.6,40.3,0.7,2.1,34.1,1.3,1.6,84.8,2.1,3.1,5.2,0.9,1.4,0.4,0.9,10.5
165,Goran Dragic,CHI,20,17.6,8.1,3.1,7.2,42.7,1.2,2.9,40.4,0.9,1.3,65.4,0.5,1.2,1.6,3.2,0.3,0.2,1.3,7.6
166,Jeremy Sochan,SAS,20,24.9,8.1,3.6,7.5,47.3,0.4,2.2,18.2,0.6,1.0,55.0,1.3,2.8,4.1,2.0,1.0,0.5,1.6,9.6
167,Terance Mann,LAC,23,21.3,8.0,3.2,5.7,55.7,0.6,1.8,33.3,1.0,1.4,71.9,0.8,2.4,3.2,1.8,0.6,0.2,1.1,9.7
168,Joe Harris,BKN,21,25.6,8.0,2.8,7.5,37.3,1.8,5.4,33.6,0.5,0.7,73.3,0.5,2.5,3.0,1.7,0.5,0.3,0.6,8.0
169,Jeff Green,DEN,16,19.9,7.9,2.9,5.6,52.8,0.3,1.3,25.0,1.8,2.3,77.8,0.8,1.8,2.6,1.2,0.4,0.2,1.0,8.1
170,Taurean Prince,MIN,18,19.6,7.9,2.8,5.7,49.5,1.2,3.0,38.9,1.1,1.2,86.4,0.3,2.2,2.5,1.2,0.3,0.2,1.2,7.9
171,Killian Hayes,DET,24,24.0,7.9,3.2,8.5,37.3,0.9,2.8,31.8,0.7,0.8,84.2,0.5,2.2,2.7,4.6,1.1,0.4,1.7,9.5
172,Troy Brown Jr.,LAL,17,26.2,7.8,3.1,7.0,43.7,1.1,3.2,32.7,0.6,0.6,100,1.0,3.9,4.9,1.0,0.7,0.1,1.0,9.6
173,Steven Adams,MEM,20,26.8,7.8,3.5,5.6,61.6,0.0,0.1,0.0,0.9,3.0,30.0,5.0,6.0,11.0,2.2,0.8,1.0,2.2,16.2
174,Will Barton,WAS,22,22.2,7.7,2.8,7.8,36.3,1.1,3.5,32.9,1.0,1.1,87.5,0.3,2.9,3.1,2.5,0.7,0.3,1.0,8.2
175,Naz Reid,MIN,16,13.5,7.6,3.0,5.7,52.7,0.7,2.3,30.6,0.9,1.4,65.2,0.4,2.1,2.6,0.6,0.3,0.8,0.7,8.1
176,Torrey Craig,PHX,21,23.6,7.6,3.0,6.2,47.3,1.2,3.2,38.2,0.5,0.6,76.9,1.9,3.0,5.0,1.4,0.6,0.8,0.7,11.3
177,Keita Bates-Diop,SAS,20,16.7,7.6,3.1,6.0,51.3,0.4,1.3,28.0,1.2,1.4,82.1,1.3,1.6,2.9,0.7,0.7,0.2,0.8,8.2
178,Aaron Nesmith,IND,17,21.9,7.6,2.5,6.9,36.4,1.4,4.1,34.3,1.1,1.4,79.2,0.5,2.7,3.2,1.3,0.5,0.6,1.1,7.5
179,Dewayne Dedmon,MIA,18,12.6,7.6,2.8,4.9,58.0,0.5,1.3,39.1,1.4,1.8,75.8,0.9,2.5,3.4,0.7,0.2,0.4,0.6,9.2
180,Deni Avdija,WAS,22,24.2,7.5,2.8,6.8,40.7,0.8,2.7,28.3,1.2,1.6,75.0,0.9,4.2,5.1,2.5,0.7,0.7,1.4,10.7
181,Onyeka Okongwu,ATL,21,20.6,7.5,3.1,5.0,63.5,0.0,0.1,0.0,1.2,1.7,74.3,2.2,3.9,6.1,1.0,0.5,0.8,0.9,12.9
182,Sam Hauser,BOS,22,17.0,7.5,2.5,5.0,51.4,2.1,4.4,47.9,0.3,0.4,77.8,0.3,2.1,2.4,0.7,0.3,0.3,0.3,8.4
183,Talen Horton-Tucker,UTA,23,16.7,7.5,2.8,7.0,39.5,0.8,2.9,26.9,1.1,1.5,76.5,0.5,2.0,2.5,2.2,0.8,0.4,1.3,7.5
184,Andre Drummond,CHI,15,15.3,7.3,3.1,5.5,55.4,0.0,0.1,0.0,1.1,1.5,73.9,2.9,5.6,8.5,0.9,0.6,0.5,1.3,13.5
185,Terence Davis,SAC,19,13.3,7.3,2.5,5.6,44.9,1.5,3.6,40.6,0.7,0.8,87.5,0.4,2.6,3.0,1.4,0.7,0.2,0.7,8.7
186,Isaiah Jackson,IND,20,16.6,7.2,2.6,4.6,56.5,0.0,0.2,0.0,2.0,2.9,70.2,1.6,3.1,4.7,1.1,0.6,1.2,1.0,10.8
187,Edmond Sumner,BKN,19,15.4,7.1,2.4,5.5,43.8,0.6,2.2,29.3,1.6,1.7,93.9,0.3,1.1,1.4,1.2,0.9,0.3,1.1,6.5
188,Andrew Nembhard,IND,16,21.1,7.0,2.6,5.8,45.2,1.3,3.3,40.4,0.4,0.4,100,0.4,1.9,2.3,3.0,0.8,0.2,1.0,9.1
189,R.J. Hampton,ORL,19,16.4,6.9,2.4,5.4,44.1,0.9,2.5,36.2,1.3,1.5,86.2,0.4,1.2,1.6,1.6,0.8,0.2,1.0,6.9
190,Josh Green,DAL,21,19.3,6.8,2.3,3.8,60.0,1.0,2.2,47.8,1.2,1.8,67.6,0.9,1.3,2.2,0.9,0.9,0.0,0.7,8.0
191,Jalen Duren,DET,21,22.0,6.8,2.9,4.9,59.2,0.0,0.0,0.0,1.0,2.0,46.5,2.9,4.0,6.9,0.5,0.6,0.9,1.0,11.5
192,Dean Wade,CLE,16,24.9,6.8,2.4,5.2,45.8,1.4,3.4,41.8,0.6,0.8,69.2,0.6,3.7,4.3,1.1,0.7,0.4,0.4,9.7
193,Davion Mitchell,SAC,20,19.1,6.7,2.7,5.9,46.2,0.9,2.7,34.0,0.4,0.6,72.7,0.1,1.2,1.3,2.1,0.5,0.2,1.1,6.4
194,Trey Lyles,SAC,16,14.7,6.7,2.2,5.3,41.2,1.3,3.8,35.0,1.0,1.4,72.7,1.1,1.8,2.8,0.8,0.4,0.4,1.1,6.5
195,Jock Landale,PHX,18,13.4,6.7,2.6,4.9,51.7,0.2,1.5,11.1,1.4,1.7,80.6,1.4,2.2,3.6,0.8,0.3,0.7,0.8,8.5
196,Naji Marshall,NOP,19,20.2,6.6,2.4,5.8,41.8,0.8,2.3,34.1,1.0,1.3,76.0,0.8,2.1,2.8,2.0,0.6,0.2,0.9,7.6
197,Jordan Nwora,MIL,19,18.4,6.6,2.1,6.3,33.3,1.2,3.3,34.9,1.2,1.4,88.5,0.8,2.9,3.7,1.2,0.3,0.2,0.9,6.6
198,Derrick Rose,NYK,20,13.6,6.6,2.6,6.5,40.3,0.9,2.4,36.2,0.5,0.5,100,0.4,1.4,1.8,2.0,0.4,0.3,0.9,6.2
199,Cam Thomas,BKN,17,15.5,6.5,2.1,5.5,37.6,0.4,1.2,28.6,2.1,2.6,79.5,0.1,1.4,1.5,1.6,0.5,0.2,0.8,5.6
200,Kyle Anderson,MIN,17,21.6,6.5,2.4,4.8,48.8,0.5,1.2,42.9,1.2,1.5,80.8,0.7,3.2,3.9,2.8,0.9,0.8,1.2,10.9
201,Isaiah Hartenstein,NYK,22,21.5,6.4,2.7,5.0,54.1,0.2,0.8,22.2,0.9,1.0,82.6,2.9,4.0,6.9,0.8,0.8,1.0,0.9,12.5
202,Hamidou Diallo,DET,23,15.6,6.4,2.4,5.1,47.9,0.1,0.6,15.4,1.4,2.3,62.3,1.0,2.0,2.9,1.0,0.6,0.2,0.9,6.6
203,Aaron Wiggins,OKC,16,19.8,6.4,2.3,4.9,47.4,0.8,2.0,40.6,0.9,1.1,83.3,0.8,2.8,3.6,1.6,0.6,0.3,0.7,8.9
204,Kevon Looney,GSW,22,22.7,6.2,2.7,4.1,65.9,0.0,0.0,0.0,0.8,1.2,63.0,2.3,4.5,6.8,3.0,0.4,0.5,0.5,14.6
205,Dalano Banton,TOR,17,10.7,6.2,2.3,5.5,41.9,0.8,2.4,31.7,0.8,0.9,87.5,0.5,1.0,1.5,1.3,0.6,0.6,0.6,6.3
206,Kenrich Williams,OKC,20,20.4,6.2,2.7,5.3,50.5,0.6,1.8,34.3,0.3,0.6,41.7,1.7,2.2,3.9,1.4,0.7,0.2,0.4,8.9
207,David Roddy,MEM,21,18.1,6.1,2.3,5.9,39.0,1.0,3.2,31.3,0.6,0.8,75.0,0.8,1.9,2.7,0.5,0.4,0.2,0.7,5.5
208,Duncan Robinson,MIA,17,17.2,6.1,2.1,5.9,36.0,1.4,4.3,31.5,0.5,0.6,90.0,0.2,1.8,2.1,1.2,0.2,0.0,0.6,5.2
209,Devonte' Graham,NOP,21,16.2,6.0,1.8,4.7,38.8,1.6,4.0,41.0,0.8,1.0,76.2,0.1,1.3,1.4,2.2,0.5,0.2,0.6,6.7
210,Dwight Powell,DAL,18,17.1,5.9,2.3,3.3,70.0,0.0,0.1,0.0,1.3,2.1,62.2,1.5,1.5,3.0,0.5,0.6,0.4,0.9,7.8
211,Jonathan Kuminga,GSW,18,15.7,5.8,2.2,5.1,42.4,0.5,2.0,25.0,1.0,1.3,75.0,0.9,2.1,2.9,0.8,0.3,0.6,1.3,5.9
212,Isaiah Livers,DET,22,19.5,5.8,1.9,4.7,40.4,1.3,3.7,35.8,0.7,0.9,75.0,0.5,1.8,2.3,0.6,0.4,0.5,0.6,6.0
213,Alex Caruso,CHI,21,25.5,5.8,1.9,4.3,42.9,1.0,2.5,38.5,1.1,1.5,77.4,0.4,2.4,2.9,3.6,1.4,0.8,1.4,10.1
214,Kendrick Nunn,LAL,18,13.9,5.8,2.2,6.1,36.4,0.9,3.1,29.1,0.4,0.5,88.9,0.1,1.3,1.4,1.3,0.1,0.1,1.3,3.3
215,JaMychal Green,GSW,19,15.9,5.7,2.4,4.8,50.0,0.3,1.6,19.4,0.6,0.7,84.6,1.5,2.6,4.2,0.7,0.6,0.4,1.1,8.1
216,Drew Eubanks,POR,21,17.5,5.7,2.3,3.1,72.7,0.0,0.0,0.0,1.1,1.6,67.6,1.7,2.5,4.2,0.8,0.4,1.0,0.8,9.9
217,Javonte Green,CHI,21,16.1,5.7,2.2,3.8,57.5,0.5,1.2,38.5,0.8,1.2,68.0,1.0,2.0,3.0,0.8,1.0,0.7,0.6,8.6
218,Justin Holiday,ATL,18,16.8,5.7,2.2,5.4,40.2,1.3,3.8,35.3,0.0,0.0,0.0,0.1,0.9,0.9,0.9,0.2,0.3,0.6,4.3
219,Thaddeus Young,TOR,18,18.1,5.6,2.4,4.6,53.7,0.1,0.7,7.7,0.7,0.8,85.7,1.8,2.3,4.2,2.0,1.2,0.1,0.8,10.1
220,DeAndre Jordan,DEN,17,16.2,5.6,2.4,3.2,75.9,0.1,0.1,100,0.7,1.5,46.2,1.6,4.6,6.2,1.0,0.2,0.7,1.4,10.7
221,Darius Bazley,OKC,17,15.6,5.5,2.1,4.9,43.4,0.5,1.5,36.0,0.8,1.5,50.0,1.1,2.8,3.9,1.1,0.5,1.3,0.6,8.2
222,Nassir Little,POR,21,15.3,5.5,2.0,4.3,47.3,0.8,2.0,37.2,0.7,1.0,66.7,0.3,2.0,2.4,0.9,0.4,0.1,0.7,6.0
223,T.J. McConnell,IND,20,17.8,5.5,2.4,5.4,44.9,0.2,0.6,33.3,0.5,0.6,90.9,0.7,1.9,2.5,4.5,1.3,0.3,1.8,9.2
224,Chuma Okeke,ORL,18,21.8,5.4,1.8,4.8,36.8,1.0,3.3,30.0,0.9,1.2,76.2,1.2,3.1,4.2,1.4,0.6,0.5,0.5,8.4
225,Chimezie Metu,SAC,16,12.5,5.4,2.3,4.0,57.8,0.2,1.0,18.8,0.6,0.7,90.9,0.7,2.6,3.3,0.7,0.3,0.2,0.6,7.5
226,Montrezl Harrell,PHI,19,12.4,5.4,1.8,3.3,54.0,0.0,0.0,0.0,1.8,2.5,74.5,1.1,1.9,3.1,0.5,0.2,0.4,0.7,6.8
227,Theo Maledon,CHA,19,16.5,5.4,1.9,4.2,45.6,0.6,1.6,36.7,1.1,1.2,87.0,0.2,2.3,2.4,2.5,0.8,0.2,1.3,7.7
228,Wenyen Gabriel,LAL,18,13.8,5.4,2.1,3.4,61.3,0.2,0.6,27.3,1.0,1.2,81.8,1.1,2.5,3.6,0.7,0.6,0.5,0.7,8.4
229,Maxi Kleber,DAL,17,25.4,5.4,1.9,4.3,45.2,0.8,2.6,31.1,0.6,0.8,78.6,0.8,2.8,3.5,1.1,0.4,0.9,0.6,8.1
230,George Hill,MIL,20,20.7,5.4,1.7,4.2,41.0,0.7,2.2,29.5,1.3,1.9,68.4,0.4,1.6,2.0,2.5,0.4,0.2,0.7,6.6
231,MarJon Beauchamp,MIL,15,15.5,5.3,2.0,5.2,38.5,0.8,2.7,29.3,0.5,0.7,70.0,0.9,2.0,2.9,0.4,0.5,0.1,1.2,4.6
232,James Bouknight,CHA,19,17.2,5.3,2.0,5.9,33.6,0.7,3.1,23.7,0.5,0.8,62.5,0.3,2.1,2.4,1.4,0.5,0.2,0.9,4.5
233,Garrison Mathews,HOU,18,13.6,5.2,1.4,3.7,37.9,1.3,3.5,38.1,1.1,1.1,95.0,0.1,1.0,1.1,0.4,0.4,0.1,0.3,4.5
234,Jake LaRavia,MEM,16,18.4,5.1,1.8,4.4,41.4,1.2,3.1,38.8,0.3,0.3,100,0.8,2.3,3.1,1.0,0.6,0.2,0.9,6.5
235,Daniel Gafford,WAS,22,12.5,5.1,2.0,2.8,73.8,0.0,0.0,0.0,1.0,1.6,62.9,1.4,2.3,3.7,0.4,0.4,0.9,1.0,8.1
236,Walker Kessler,UTA,21,15.3,5.0,2.1,3.0,71.4,0.0,0.0,0.0,0.7,1.4,51.7,2.0,2.9,4.9,0.6,0.2,1.6,0.7,10.1
237,Danuel House Jr.,PHI,20,18.3,5.0,1.6,3.4,47.1,0.7,2.0,35.9,1.1,1.4,75.0,0.2,1.8,2.0,0.8,0.3,0.3,0.6,5.5
238,Moses Moody,GSW,18,14.8,4.9,1.6,3.9,39.4,0.8,2.6,32.6,1.0,1.2,81.8,0.3,1.6,1.8,0.6,0.4,0.3,1.1,4.3
239,Isaiah Joe,OKC,16,8.1,4.9,1.6,3.4,47.3,1.3,2.9,43.5,0.4,0.6,77.8,0.1,1.2,1.3,0.9,0.3,0.1,0.3,5.3
240,Isaiah Roby,SAS,17,13.0,4.9,1.9,4.1,45.7,0.6,1.7,37.9,0.5,1.1,44.4,0.4,2.2,2.6,1.3,0.4,0.4,0.5,6.2
241,Kevin Knox II,DET,17,13.4,4.9,1.8,4.1,44.3,0.9,2.6,33.3,0.4,0.5,66.7,0.5,1.8,2.2,0.4,0.4,0.4,0.5,5.4
242,Reggie Bullock,DAL,20,27.7,4.9,1.6,5.4,29.9,1.2,4.4,27.3,0.5,0.7,69.2,0.5,2.5,3.0,1.0,0.9,0.1,0.4,5.4
243,Derrick Jones Jr.,CHI,16,12.7,4.8,1.4,3.4,41.8,0.2,1.0,18.8,1.8,2.1,84.8,0.9,1.4,2.3,0.5,0.4,0.8,0.2,6.3
244,Cory Joseph,DET,18,14.1,4.8,1.8,4.3,42.9,0.6,1.6,37.9,0.5,0.8,64.3,0.3,0.6,0.9,2.8,0.3,0.1,0.4,5.7
245,Luke Kornet,BOS,17,13.7,4.7,1.9,2.8,68.1,0.1,0.3,40.0,0.8,0.9,93.3,1.3,2.5,3.8,0.9,0.1,1.1,0.5,9.1
